-- DML
USE `storage_desafio_db`;

-- Customers
INSERT INTO customers(id, last_name, first_name, customers.condition) VALUES
(1,'Fifield','Ike',false),
(2,'Cowland','Brannon',true),
(3,'Saint','Arel',true),
(4,'Kave','Thomasina',false),
(5,'Rolfe','Stefan',true),
(6,'Izhaky','Delano',true),
(7,'Danilovitch','Tully',true),
(8,'Glendenning','Terrell',true),
(9,'Braffington','Oby',true),
(10,'Postles','Delmar',false),
(11,'Malham','Grantley',false),
(12,'McIvor','Colette',true),
(13,'Dussy','Hedvige',false),
(14,'Smither','Willdon',true),
(15,'Kieran','Tomasina',true),
(16,'Coldman','Janifer',false),
(17,'Fullylove','Ralf',false),
(18,'Fritz','Jedd',true),
(19,'Waycot','Ring',false),
(20,'McCullock','Nettie',false),
(21,'Strickland','Cletis',true),
(22,'Hallatt','Eduino',true),
(23,'Enticott','Ursulina',true),
(24,'Abram','Van',true),
(25,'Frizell','Zechariah',false),
(26,'Ollerhad','Jaime',false),
(27,'Robak','Yank',true),
(28,'Gibbetts','Missy',false),
(29,'D''Aubney','Kip',true),
(30,'Sandeson','Benjamen',false),
(31,'Christophersen','Tamma',false),
(32,'Spellacey','Cassondra',false),
(33,'Meffan','Willette',true),
(34,'Carling','Katheryn',false),
(35,'Mattsson','Meredith',false),
(36,'Sukbhans','Kristoffer',true),
(37,'Hovee','Lincoln',false),
(38,'Von Oertzen','Ezri',true),
(39,'Gennings','Milissent',true),
(40,'Skains','Waverley',false),
(41,'Schule','Esta',true),
(42,'Anstis','Lazaro',true),
(43,'Fishleigh','Leodora',true),
(44,'Batie','Bord',true),
(45,'Volette','Tirrell',false),
(46,'Cattell','Rici',true),
(47,'Everwin','Bradan',true),
(48,'Cicchillo','Aguste',true),
(49,'Tortis','Lannie',true),
(50,'Ronald','Jacquie',false),
(51,'Manicomb','Pippo',false),
(52,'Goodbanne','Joachim',false),
(53,'Bardsley','Romy',true),
(54,'Brea','Reece',true),
(55,'Kleimt','Renata',false),
(56,'Romanetti','Shayna',false),
(57,'Crowcum','Jasen',true),
(58,'Roggieri','Matty',true),
(59,'Larrington','Daisey',false),
(60,'Jobke','Ddene',true),
(61,'Sealey','Andrea',false),
(62,'Wilshin','Orelie',true),
(63,'Dettmar','Scarlet',false),
(64,'Ovell','Elvina',false),
(65,'Ozintsev','Hesther',true),
(66,'Leggis','Bili',true),
(67,'Growcott','Cchaddie',true),
(68,'Lenthall','Lexine',true),
(69,'Cruxton','Pat',false),
(70,'Dartnall','Sisely',true),
(71,'Cocklin','Skipp',true),
(72,'O''Lunney','Early',true),
(73,'Oaten','Wilden',false),
(74,'Godbold','Grenville',false),
(75,'Sibly','Barnabas',false),
(76,'Boddington','Mariana',false),
(77,'Brammar','Reba',false),
(78,'Curtin','Jacynth',true),
(79,'Westcarr','Sheila',false),
(80,'Bugdell','Midge',true),
(81,'Reichardt','Tanya',false),
(82,'Streatfield','Umeko',false),
(83,'Barnaclough','Denni',false),
(84,'Downing','Borg',false),
(85,'Feldberger','Vikky',true),
(86,'Bim','Burlie',true),
(87,'Coppins','Consuelo',false),
(88,'Goolden','Alec',true),
(89,'Jewsbury','Bernadina',false),
(90,'Top','Helyn',true),
(91,'Deabill','Becky',true),
(92,'MacQuaker','Elspeth',true),
(93,'Wallas','Jory',false),
(94,'Dowyer','Colene',true),
(95,'Boddam','Myriam',true),
(96,'Huzzey','Claresta',false),
(97,'Morcom','Ximenes',true),
(98,'Gooders','Viole',false),
(99,'Penbarthy','Cassondra',true),
(100,'Browne','Bentlee',true);

-- Invoices
INSERT INTO invoices(id, invoices.datetime, customer_id, total) VALUES
(1,'2022-05-15 23:13:56',19,0.0),
(2,'2022-04-17 21:07:57',24,0.0),
(3,'2022-12-14 15:01:40',34,0.0),
(4,'2022-03-09 07:47:39',67,0.0),
(5,'2021-08-29 07:44:25',64,0.0),
(6,'2021-09-07 09:08:27',52,0.0),
(7,'2022-08-13 02:33:00',26,0.0),
(8,'2021-11-21 20:40:23',48,0.0),
(9,'2022-03-06 04:39:44',54,0.0),
(10,'2022-05-05 06:33:36',72,0.0),
(11,'2021-12-03 11:52:37',55,0.0),
(12,'2021-12-12 02:37:25',6,0.0),
(13,'2021-11-04 12:00:12',77,0.0),
(14,'2021-11-01 23:59:09',10,0.0),
(15,'2022-09-14 09:06:17',80,0.0),
(16,'2021-10-18 17:34:23',77,0.0),
(17,'2022-04-22 00:11:05',29,0.0),
(18,'2021-07-15 23:38:47',15,0.0),
(19,'2022-03-21 14:45:29',83,0.0),
(20,'2021-08-30 17:31:16',25,0.0),
(21,'2022-12-15 15:16:38',21,0.0),
(22,'2022-07-21 09:05:42',74,0.0),
(23,'2021-07-05 23:36:13',65,0.0),
(24,'2022-01-31 23:04:31',69,0.0),
(25,'2022-10-16 11:46:01',49,0.0),
(26,'2022-01-25 12:38:28',32,0.0),
(27,'2022-06-08 02:08:12',57,0.0),
(28,'2022-07-03 01:12:52',19,0.0),
(29,'2022-02-15 15:42:56',35,0.0),
(30,'2021-10-30 18:24:32',30,0.0),
(31,'2021-06-05 22:23:15',84,0.0),
(32,'2021-10-16 15:34:01',64,0.0),
(33,'2022-10-06 04:48:01',79,0.0),
(34,'2022-01-30 14:19:06',42,0.0),
(35,'2022-03-25 19:18:06',79,0.0),
(36,'2021-12-06 08:58:18',25,0.0),
(37,'2022-10-18 04:26:37',60,0.0),
(38,'2022-05-08 21:52:30',49,0.0),
(39,'2022-05-17 04:01:12',32,0.0),
(40,'2022-10-26 01:26:13',96,0.0),
(41,'2022-03-15 17:42:20',14,0.0),
(42,'2022-04-01 15:39:59',18,0.0),
(43,'2021-05-31 21:10:11',64,0.0),
(44,'2022-01-23 23:10:05',91,0.0),
(45,'2021-12-03 06:43:38',73,0.0),
(46,'2021-12-21 09:37:45',55,0.0),
(47,'2021-06-20 10:58:27',53,0.0),
(48,'2022-12-11 08:08:35',87,0.0),
(49,'2021-10-11 23:22:20',5,0.0),
(50,'2021-05-30 10:29:55',14,0.0),
(51,'2022-08-27 17:29:44',10,0.0),
(52,'2021-06-06 11:51:45',63,0.0),
(53,'2022-05-01 02:09:34',74,0.0),
(54,'2021-11-27 06:33:14',42,0.0),
(55,'2022-03-19 04:24:04',98,0.0),
(56,'2021-12-26 00:28:57',64,0.0),
(57,'2021-11-06 21:02:14',16,0.0),
(58,'2021-05-03 10:22:12',54,0.0),
(59,'2021-09-28 18:53:11',86,0.0),
(60,'2021-12-22 10:15:58',49,0.0),
(61,'2022-11-16 19:05:14',73,0.0),
(62,'2022-10-03 10:33:54',1,0.0),
(63,'2021-07-21 00:24:15',34,0.0),
(64,'2022-05-11 09:55:55',49,0.0),
(65,'2022-06-16 08:19:15',49,0.0),
(66,'2021-05-27 07:49:02',48,0.0),
(67,'2022-01-05 21:35:02',57,0.0),
(68,'2021-10-12 02:13:26',44,0.0),
(69,'2021-05-19 05:41:21',46,0.0),
(70,'2022-04-14 05:10:53',14,0.0),
(71,'2022-03-26 09:42:56',70,0.0),
(72,'2021-08-01 09:22:17',57,0.0),
(73,'2022-10-08 12:55:26',84,0.0),
(74,'2021-09-01 12:55:01',4,0.0),
(75,'2021-12-25 21:54:23',43,0.0),
(76,'2021-11-25 09:11:19',15,0.0),
(77,'2021-04-27 13:57:01',47,0.0),
(78,'2022-06-06 15:01:01',65,0.0),
(79,'2021-04-27 02:17:32',58,0.0),
(80,'2022-10-09 04:34:30',91,0.0),
(81,'2021-06-09 02:44:11',5,0.0),
(82,'2022-03-23 03:31:57',99,0.0),
(83,'2021-09-04 03:03:39',4,0.0),
(84,'2022-07-12 04:37:05',33,0.0),
(85,'2021-11-11 16:45:05',9,0.0),
(86,'2022-03-31 19:56:17',8,0.0),
(87,'2021-11-13 13:21:55',3,0.0),
(88,'2021-07-15 03:52:55',45,0.0),
(89,'2021-08-18 11:09:19',87,0.0),
(90,'2022-05-04 23:56:47',46,0.0),
(91,'2021-10-29 17:19:05',25,0.0),
(92,'2022-01-02 16:31:16',15,0.0),
(93,'2021-09-21 18:55:12',18,0.0),
(94,'2022-05-29 13:48:34',31,0.0),
(95,'2021-06-23 09:01:58',55,0.0),
(96,'2022-04-18 00:01:33',81,0.0),
(97,'2022-09-11 17:31:59',99,0.0),
(98,'2021-07-23 03:40:13',16,0.0),
(99,'2022-04-07 13:22:16',88,0.0),
(100,'2021-05-13 23:47:33',100,0.0);

-- Products
INSERT INTO products(id, products.description, price) VALUES
(1,'French Pastry - Mini Chocolate',97.01),
(2,'Beans - Soya Bean',12.89),
(3,'Nantucket Cranberry Juice',46.05),
(4,'Nori Sea Weed',35.23),
(5,'Pepperoni Slices',87.95),
(6,'Fenngreek Seed',81.49),
(7,'Flour - Corn, Fine',83.2),
(8,'Pear - Halves',6.65),
(9,'Bread - French Baquette',52.75),
(10,'Pastry - Raisin Muffin - Mini',23.36),
(11,'Chocolate - Dark Callets',65.26),
(12,'Ice Cream Bar - Oreo Cone',73.56),
(13,'Rhubarb',48.01),
(14,'French Pastry - Mini Chocolate',58.02),
(15,'Beef - Striploin Aa',56.43),
(16,'Lady Fingers',70.67),
(17,'Soup - Clam Chowder, Dry Mix',88.27),
(18,'Cookies Cereal Nut',50.59),
(19,'Lettuce - California Mix',86.81),
(20,'Pork - Shoulder',76.27),
(21,'Beef - Top Sirloin - Aaa',68.51),
(22,'Tortillas - Flour, 12',81.19),
(23,'Roe - Lump Fish, Black',85.43),
(24,'Soup - Campbellschix Stew',80.67),
(25,'Broom And Broom Rack White',76.85),
(26,'Durian Fruit',26.08),
(27,'Wine - Maipo Valle Cabernet',3.43),
(28,'Pepper - Red Chili',55.52),
(29,'Lobster - Base',97.78),
(30,'Cheese - Cambozola',88.22),
(31,'Cookie Dough - Peanut Butter',10.62),
(32,'Wine - Hardys Bankside Shiraz',1.05),
(33,'Eel Fresh',38.92),
(34,'Soup - Knorr, Veg / Beef',35.78),
(35,'External Supplier',29.83),
(36,'Cheese - Fontina',44.35),
(37,'Jam - Blackberry, 20 Ml Jar',97.67),
(38,'Raspberries - Fresh',83.22),
(39,'Jam - Strawberry, 20 Ml Jar',4.69),
(40,'Bread Roll Foccacia',83.65),
(41,'Syrup - Monin, Amaretta',57.16),
(42,'Nut - Pumpkin Seeds',42.59),
(43,'Fireball Whisky',41.6),
(44,'Cherries - Frozen',46.79),
(45,'Rum - White, Gg White',64.2),
(46,'Squid - Breaded',81.66),
(47,'Jameson - Irish Whiskey',17.51),
(48,'Wine - Pinot Noir Latour',74.67),
(49,'Coffee Cup 12oz 5342cd',39.32),
(50,'Jagermeister',37.99),
(51,'Cookie - Oatmeal',90.68),
(52,'Bar Nature Valley',88.56),
(53,'Water - Evian 355 Ml',48.47),
(54,'Wine - White, Ej',29.72),
(55,'Bread - Granary Small Pull',54.67),
(56,'Cheese - Goat With Herbs',52.13),
(57,'Boogies',41.1),
(58,'Cheese - Mozzarella, Buffalo',17.77),
(59,'Dikon',43.18),
(60,'Juice - Clam, 46 Oz',22.62),
(61,'Steampan - Foil',63.81),
(62,'Berry Brulee',96),
(63,'Wine - Zinfandel Rosenblum',25.43),
(64,'Plate - Foam, Bread And Butter',62.53),
(65,'Plums - Red',3.69),
(66,'Oven Mitts - 15 Inch',28.07),
(67,'Bananas',33.54),
(68,'Tuna - Yellowfin',73.49),
(69,'Flour - Masa De Harina Mexican',50.78),
(70,'Pork - Loin, Center Cut',91.34),
(71,'Mountain Dew',59.35),
(72,'Beer - True North Lager',26.43),
(73,'Cheese - Taleggio D.o.p.',57.57),
(74,'Tray - 12in Rnd Blk',54.97),
(75,'Brandy Cherry - Mcguinness',43.18),
(76,'Longos - Cheese Tortellini',74.85),
(77,'Nantucket Orange Juice',91.4),
(78,'Wine - Beringer Founders Estate',27.3),
(79,'Beef - Flank Steak',33.9),
(80,'Rum - Cream, Amarula',41.88),
(81,'Foam Espresso Cup Plain White',49.94),
(82,'Juice - Clamato, 341 Ml',4.25),
(83,'Wine - Rosso Toscano Igt',21.95),
(84,'Crush - Cream Soda',59.64),
(85,'Cheese - Mascarpone',41.21),
(86,'Jam - Strawberry, 20 Ml Jar',72.99),
(87,'Fork - Plastic',6.6),
(88,'Beans - Black Bean, Preserved',52.13),
(89,'Longos - Grilled Salmon With Bbq',39.72),
(90,'Muffin Carrot - Individual',69.35),
(91,'Chocolate - Milk Coating',46.53),
(92,'Extract Vanilla Pure',3.71),
(93,'Turkey - Breast, Double',83.85),
(94,'Sword Pick Asst',51.21),
(95,'Goldschalger',21.12),
(96,'Truffle Cups - Red',10.06),
(97,'Wine - Chablis 2003 Champs',80.03),
(98,'Cookie Double Choco',56),
(99,'Pickerel - Fillets',45.67),
(100,'Vinegar - Raspberry',58.78);

-- Sales
INSERT INTO sales(id, product_id, invoice_id, quantity) VALUES
(1,58,45,22),
(2,38,79,49),
(3,66,58,50),
(4,70,38,23),
(5,21,43,11),
(6,23,17,35),
(7,90,87,33),
(8,33,91,36),
(9,19,36,22),
(10,39,99,49),
(11,56,9,17),
(12,36,60,22),
(13,96,66,25),
(14,51,49,5),
(15,53,41,49),
(16,18,71,14),
(17,51,4,50),
(18,76,80,21),
(19,7,13,41),
(20,48,55,26),
(21,8,5,16),
(22,49,38,49),
(23,28,8,39),
(24,25,85,42),
(25,17,72,16),
(26,90,57,16),
(27,79,100,10),
(28,26,89,21),
(29,81,86,25),
(30,38,94,47),
(31,41,3,21),
(32,64,54,35),
(33,25,31,17),
(34,97,19,9),
(35,78,88,20),
(36,55,52,44),
(37,51,72,35),
(38,26,60,14),
(39,98,84,34),
(40,77,72,18),
(41,100,42,27),
(42,13,68,19),
(43,59,66,15),
(44,57,27,1),
(45,86,85,41),
(46,74,25,11),
(47,9,12,21),
(48,13,99,36),
(49,75,29,27),
(50,41,36,41),
(51,73,47,14),
(52,70,17,49),
(53,27,87,25),
(54,49,65,18),
(55,60,16,40),
(56,77,98,1),
(57,47,18,6),
(58,70,29,28),
(59,62,70,32),
(60,75,31,4),
(61,27,54,20),
(62,58,61,22),
(63,30,72,10),
(64,90,15,14),
(65,77,23,29),
(66,72,4,32),
(67,7,81,41),
(68,78,22,31),
(69,100,81,7),
(70,37,26,50),
(71,9,80,27),
(72,86,7,19),
(73,32,41,9),
(74,8,81,16),
(75,62,92,9),
(76,3,1,9),
(77,49,55,28),
(78,34,42,16),
(79,56,29,30),
(80,87,32,3),
(81,80,45,33),
(82,61,19,32),
(83,62,34,49),
(84,9,31,18),
(85,62,91,21),
(86,71,13,15),
(87,7,77,35),
(88,66,48,9),
(89,6,51,4),
(90,72,81,43),
(91,41,60,38),
(92,46,19,37),
(93,32,26,41),
(94,51,96,32),
(95,28,15,50),
(96,81,53,33),
(97,39,100,50),
(98,35,86,28),
(99,98,36,35),
(100,15,85,16),
(101,72,56,8),
(102,94,39,43),
(103,67,3,17),
(104,100,61,28),
(105,9,53,34),
(106,76,73,30),
(107,39,70,18),
(108,41,86,47),
(109,57,63,23),
(110,10,33,45),
(111,63,6,22),
(112,46,2,4),
(113,91,18,16),
(114,71,8,44),
(115,43,21,8),
(116,48,61,23),
(117,57,5,22),
(118,50,79,37),
(119,96,12,6),
(120,3,22,33),
(121,71,90,10),
(122,26,82,3),
(123,92,28,42),
(124,3,33,24),
(125,90,55,28),
(126,63,43,21),
(127,37,6,23),
(128,65,50,36),
(129,15,39,13),
(130,91,100,45),
(131,52,59,17),
(132,98,27,48),
(133,28,80,30),
(134,56,74,7),
(135,51,58,25),
(136,1,28,18),
(137,61,50,39),
(138,63,58,44),
(139,66,78,34),
(140,23,54,14),
(141,82,36,5),
(142,21,26,4),
(143,65,33,48),
(144,64,33,25),
(145,45,47,1),
(146,100,73,41),
(147,91,41,22),
(148,51,100,19),
(149,68,2,38),
(150,85,54,24),
(151,43,20,15),
(152,73,5,8),
(153,11,43,32),
(154,57,88,13),
(155,28,44,46),
(156,85,81,48),
(157,78,20,14),
(158,70,63,11),
(159,70,94,36),
(160,99,57,27),
(161,76,23,17),
(162,70,61,13),
(163,28,89,17),
(164,52,74,36),
(165,80,57,50),
(166,29,79,41),
(167,76,78,26),
(168,96,96,39),
(169,74,12,9),
(170,7,25,29),
(171,52,65,5),
(172,18,38,29),
(173,5,14,18),
(174,92,5,38),
(175,11,27,27),
(176,63,100,13),
(177,79,20,14),
(178,96,24,15),
(179,81,79,18),
(180,78,5,43),
(181,43,14,43),
(182,18,91,38),
(183,65,31,39),
(184,61,59,19),
(185,15,49,12),
(186,75,51,43),
(187,31,14,23),
(188,7,32,16),
(189,38,47,47),
(190,21,20,14),
(191,36,58,11),
(192,20,77,32),
(193,21,10,1),
(194,44,63,22),
(195,41,51,11),
(196,21,13,10),
(197,77,51,47),
(198,36,22,26),
(199,5,47,47),
(200,78,68,27),
(201,18,7,13),
(202,82,78,29),
(203,35,39,25),
(204,18,80,15),
(205,84,60,33),
(206,66,76,38),
(207,5,13,25),
(208,95,73,6),
(209,64,26,7),
(210,44,92,30),
(211,20,63,38),
(212,22,46,23),
(213,96,56,15),
(214,41,73,1),
(215,26,99,48),
(216,95,33,47),
(217,26,62,4),
(218,25,5,40),
(219,8,42,47),
(220,76,86,36),
(221,89,21,18),
(222,18,90,21),
(223,93,40,48),
(224,22,40,23),
(225,82,64,36),
(226,87,53,10),
(227,50,96,28),
(228,89,36,50),
(229,12,61,31),
(230,52,33,26),
(231,52,26,42),
(232,28,6,35),
(233,57,73,36),
(234,8,18,9),
(235,79,98,13),
(236,46,73,7),
(237,75,73,36),
(238,33,71,5),
(239,56,47,12),
(240,100,93,42),
(241,39,5,18),
(242,99,21,43),
(243,94,26,24),
(244,86,61,36),
(245,70,36,17),
(246,44,55,27),
(247,37,43,42),
(248,59,54,38),
(249,91,51,44),
(250,32,76,34),
(251,26,72,48),
(252,11,15,38),
(253,27,45,38),
(254,37,80,12),
(255,58,52,34),
(256,73,73,32),
(257,9,47,16),
(258,94,91,22),
(259,57,75,16),
(260,5,9,45),
(261,91,26,37),
(262,17,84,29),
(263,83,39,30),
(264,61,68,36),
(265,58,18,44),
(266,86,71,15),
(267,63,100,19),
(268,42,37,24),
(269,56,49,14),
(270,82,12,4),
(271,31,20,34),
(272,99,25,12),
(273,52,75,1),
(274,21,45,10),
(275,87,15,43),
(276,25,95,6),
(277,21,34,34),
(278,74,46,44),
(279,54,76,18),
(280,34,93,26),
(281,69,53,26),
(282,9,82,17),
(283,71,35,18),
(284,46,68,31),
(285,52,37,15),
(286,21,97,11),
(287,6,54,40),
(288,35,81,46),
(289,15,75,19),
(290,23,89,12),
(291,59,69,45),
(292,12,61,12),
(293,15,35,10),
(294,6,48,18),
(295,73,67,38),
(296,13,23,20),
(297,28,32,13),
(298,92,57,29),
(299,80,93,30),
(300,18,38,30),
(301,10,45,22),
(302,43,46,9),
(303,72,18,5),
(304,77,1,20),
(305,33,57,31),
(306,22,72,49),
(307,90,3,34),
(308,39,71,6),
(309,39,34,38),
(310,13,75,37),
(311,1,58,48),
(312,30,93,20),
(313,81,31,32),
(314,96,92,46),
(315,44,26,5),
(316,16,29,12),
(317,83,1,49),
(318,88,45,29),
(319,67,37,25),
(320,20,50,39),
(321,53,75,24),
(322,86,31,9),
(323,75,54,42),
(324,97,32,7),
(325,26,98,37),
(326,58,48,6),
(327,1,42,8),
(328,99,19,32),
(329,17,74,31),
(330,22,26,7),
(331,21,83,5),
(332,53,30,5),
(333,9,54,41),
(334,49,63,13),
(335,56,62,7),
(336,80,76,20),
(337,84,33,16),
(338,25,76,28),
(339,5,95,9),
(340,92,54,3),
(341,56,1,48),
(342,54,23,8),
(343,42,17,50),
(344,56,75,17),
(345,49,16,14),
(346,23,50,25),
(347,53,32,7),
(348,74,4,28),
(349,6,16,34),
(350,95,2,19),
(351,11,53,49),
(352,84,18,25),
(353,93,23,50),
(354,64,98,16),
(355,41,74,8),
(356,11,42,23),
(357,88,47,3),
(358,32,73,36),
(359,35,7,24),
(360,37,27,37),
(361,84,11,3),
(362,51,6,23),
(363,92,58,1),
(364,42,100,16),
(365,90,28,19),
(366,73,78,16),
(367,25,5,4),
(368,14,16,14),
(369,14,54,20),
(370,49,44,39),
(371,23,100,40),
(372,20,16,33),
(373,10,85,3),
(374,10,31,24),
(375,29,37,23),
(376,16,53,3),
(377,57,43,18),
(378,76,51,6),
(379,8,24,42),
(380,22,49,48),
(381,74,86,3),
(382,100,81,34),
(383,38,27,18),
(384,91,62,5),
(385,21,31,26),
(386,16,63,45),
(387,47,5,17),
(388,71,74,7),
(389,80,62,22),
(390,27,12,21),
(391,20,43,3),
(392,38,59,18),
(393,71,84,16),
(394,18,31,3),
(395,22,77,40),
(396,95,17,5),
(397,53,32,10),
(398,10,45,3),
(399,3,99,50),
(400,12,50,17),
(401,43,22,10),
(402,77,99,27),
(403,31,74,34),
(404,16,90,49),
(405,76,92,6),
(406,13,71,12),
(407,44,8,9),
(408,36,70,36),
(409,18,21,38),
(410,59,57,44),
(411,17,55,21),
(412,64,100,28),
(413,85,37,1),
(414,55,33,46),
(415,36,71,11),
(416,100,30,48),
(417,51,37,30),
(418,60,59,47),
(419,43,59,11),
(420,28,65,3),
(421,7,33,25),
(422,87,2,33),
(423,72,46,7),
(424,2,10,32),
(425,36,68,28),
(426,35,84,30),
(427,81,65,46),
(428,9,1,21),
(429,65,25,2),
(430,67,63,29),
(431,71,80,24),
(432,50,88,9),
(433,81,3,48),
(434,91,26,32),
(435,7,92,45),
(436,52,71,43),
(437,9,75,23),
(438,43,70,13),
(439,100,67,39),
(440,77,29,28),
(441,77,82,8),
(442,91,20,21),
(443,51,41,33),
(444,32,87,8),
(445,98,94,4),
(446,75,79,5),
(447,100,73,37),
(448,38,25,15),
(449,58,85,35),
(450,21,45,10),
(451,75,37,39),
(452,84,22,23),
(453,83,77,20),
(454,97,26,34),
(455,21,54,31),
(456,56,13,15),
(457,58,94,26),
(458,17,28,10),
(459,84,51,41),
(460,88,16,48),
(461,80,23,32),
(462,27,82,5),
(463,41,94,10),
(464,15,67,45),
(465,66,43,5),
(466,59,37,42),
(467,61,99,47),
(468,64,18,29),
(469,38,47,6),
(470,91,33,42),
(471,40,64,31),
(472,51,94,44),
(473,76,78,10),
(474,16,33,17),
(475,56,7,45),
(476,43,66,2),
(477,65,67,20),
(478,63,52,34),
(479,75,99,16),
(480,85,35,43),
(481,28,38,37),
(482,44,38,34),
(483,54,48,29),
(484,52,2,12),
(485,29,93,21),
(486,33,36,35),
(487,42,19,43),
(488,16,61,46),
(489,31,7,1),
(490,80,59,22),
(491,19,60,27),
(492,88,26,25),
(493,68,7,8),
(494,69,1,28),
(495,45,50,6),
(496,52,18,4),
(497,25,18,48),
(498,55,50,42),
(499,47,6,8),
(500,37,83,17),
(501,78,13,15),
(502,63,81,41),
(503,54,98,31),
(504,100,69,5),
(505,92,44,29),
(506,62,48,23),
(507,97,44,19),
(508,44,68,3),
(509,86,78,34),
(510,50,14,48),
(511,48,58,49),
(512,17,43,50),
(513,47,36,4),
(514,9,93,39),
(515,56,92,16),
(516,52,10,1),
(517,8,72,21),
(518,22,24,12),
(519,2,81,28),
(520,61,70,30),
(521,38,18,6),
(522,87,39,17),
(523,47,27,26),
(524,38,39,6),
(525,26,66,30),
(526,79,16,3),
(527,19,91,19),
(528,51,61,48),
(529,78,27,42),
(530,51,1,25),
(531,82,92,5),
(532,75,79,3),
(533,69,36,42),
(534,65,86,2),
(535,68,15,34),
(536,99,16,4),
(537,59,63,38),
(538,17,100,10),
(539,60,82,49),
(540,83,68,43),
(541,85,78,48),
(542,92,51,11),
(543,77,52,1),
(544,36,72,10),
(545,90,36,34),
(546,24,94,49),
(547,49,98,15),
(548,22,97,30),
(549,87,79,19),
(550,86,32,19),
(551,76,11,8),
(552,72,36,12),
(553,50,98,22),
(554,17,27,11),
(555,65,27,27),
(556,79,88,9),
(557,23,52,11),
(558,85,82,19),
(559,95,52,34),
(560,36,99,15),
(561,92,35,7),
(562,10,6,27),
(563,38,89,6),
(564,27,41,37),
(565,57,19,15),
(566,46,37,18),
(567,44,72,33),
(568,59,57,23),
(569,69,17,11),
(570,29,25,36),
(571,50,70,38),
(572,90,81,5),
(573,14,83,24),
(574,32,9,3),
(575,40,71,35),
(576,98,24,22),
(577,33,77,16),
(578,1,86,3),
(579,19,58,27),
(580,39,13,33),
(581,43,83,35),
(582,75,31,9),
(583,16,54,30),
(584,77,87,38),
(585,67,23,41),
(586,70,44,7),
(587,20,60,19),
(588,17,87,13),
(589,33,27,44),
(590,63,84,47),
(591,42,64,49),
(592,67,63,33),
(593,28,85,41),
(594,77,96,12),
(595,75,97,45),
(596,71,69,49),
(597,64,83,4),
(598,1,47,5),
(599,29,45,7),
(600,28,83,5),
(601,58,12,22),
(602,22,85,47),
(603,83,55,41),
(604,91,89,43),
(605,18,81,42),
(606,44,86,8),
(607,58,48,21),
(608,79,43,34),
(609,38,84,38),
(610,49,79,21),
(611,94,59,30),
(612,71,100,11),
(613,18,45,5),
(614,87,4,14),
(615,8,13,41),
(616,81,91,4),
(617,12,25,10),
(618,7,33,25),
(619,69,70,40),
(620,32,10,45),
(621,25,86,23),
(622,7,52,42),
(623,32,15,50),
(624,76,3,29),
(625,14,67,4),
(626,43,53,44),
(627,40,61,44),
(628,37,71,38),
(629,86,13,9),
(630,46,62,19),
(631,63,13,14),
(632,97,57,43),
(633,62,53,50),
(634,32,91,31),
(635,33,11,5),
(636,79,81,33),
(637,48,49,8),
(638,17,80,3),
(639,73,13,16),
(640,78,63,47),
(641,66,51,19),
(642,100,9,46),
(643,7,75,12),
(644,56,59,28),
(645,72,90,34),
(646,83,82,13),
(647,73,25,34),
(648,29,37,17),
(649,82,4,38),
(650,21,35,30),
(651,16,33,44),
(652,81,66,41),
(653,44,54,21),
(654,63,52,5),
(655,66,100,20),
(656,63,12,23),
(657,69,36,28),
(658,97,67,35),
(659,61,22,34),
(660,24,93,8),
(661,27,49,31),
(662,62,1,2),
(663,18,66,21),
(664,1,6,25),
(665,62,26,33),
(666,48,25,16),
(667,88,59,34),
(668,54,46,4),
(669,99,21,4),
(670,20,100,50),
(671,93,94,25),
(672,2,27,13),
(673,80,77,41),
(674,30,10,14),
(675,38,97,42),
(676,78,9,35),
(677,87,23,47),
(678,39,35,22),
(679,9,77,30),
(680,18,61,47),
(681,75,88,38),
(682,92,49,39),
(683,100,38,43),
(684,57,72,30),
(685,1,79,35),
(686,10,66,29),
(687,41,24,16),
(688,40,55,11),
(689,81,83,44),
(690,51,57,2),
(691,78,92,49),
(692,51,47,21),
(693,49,49,7),
(694,46,9,32),
(695,7,92,36),
(696,94,57,32),
(697,99,37,28),
(698,72,22,1),
(699,63,65,25),
(700,31,83,44),
(701,87,41,38),
(702,7,39,33),
(703,82,77,3),
(704,55,16,5),
(705,78,79,27),
(706,60,2,5),
(707,49,88,44),
(708,88,81,29),
(709,28,95,41),
(710,6,35,6),
(711,89,15,17),
(712,42,73,25),
(713,36,66,34),
(714,36,95,18),
(715,96,93,22),
(716,60,51,24),
(717,55,85,34),
(718,90,7,44),
(719,3,39,32),
(720,88,22,33),
(721,97,97,20),
(722,66,61,45),
(723,68,97,31),
(724,89,45,11),
(725,18,53,40),
(726,72,6,46),
(727,7,45,7),
(728,70,82,32),
(729,73,8,35),
(730,17,84,23),
(731,35,98,50),
(732,1,62,42),
(733,17,56,36),
(734,55,43,19),
(735,43,92,34),
(736,71,30,22),
(737,81,32,8),
(738,55,82,36),
(739,42,61,27),
(740,53,99,37),
(741,6,89,24),
(742,25,38,46),
(743,92,43,28),
(744,49,2,31),
(745,91,26,44),
(746,85,79,16),
(747,14,52,21),
(748,29,99,19),
(749,24,3,26),
(750,58,88,42),
(751,53,25,27),
(752,60,60,13),
(753,17,74,40),
(754,46,5,31),
(755,81,34,10),
(756,18,1,25),
(757,28,100,31),
(758,29,31,1),
(759,69,67,1),
(760,12,74,13),
(761,15,41,24),
(762,76,18,34),
(763,100,66,32),
(764,77,64,11),
(765,91,27,4),
(766,54,96,25),
(767,2,66,14),
(768,19,69,30),
(769,14,34,13),
(770,47,71,44),
(771,12,28,45),
(772,84,82,10),
(773,74,97,32),
(774,1,3,41),
(775,19,28,45),
(776,6,57,27),
(777,45,97,32),
(778,32,56,9),
(779,100,7,50),
(780,75,22,38),
(781,63,94,12),
(782,45,72,12),
(783,27,61,37),
(784,37,12,10),
(785,5,87,19),
(786,13,16,30),
(787,73,33,17),
(788,97,11,34),
(789,53,68,36),
(790,30,54,40),
(791,11,53,4),
(792,16,54,47),
(793,7,2,33),
(794,69,22,2),
(795,28,30,8),
(796,5,95,6),
(797,14,84,4),
(798,51,69,46),
(799,32,24,10),
(800,15,80,34),
(801,91,82,4),
(802,91,36,2),
(803,95,19,18),
(804,62,30,26),
(805,51,35,24),
(806,22,54,11),
(807,19,64,6),
(808,43,29,24),
(809,10,58,46),
(810,8,76,26),
(811,77,69,3),
(812,20,1,18),
(813,72,73,43),
(814,89,27,12),
(815,21,100,18),
(816,97,76,13),
(817,96,69,33),
(818,87,76,48),
(819,53,90,8),
(820,47,87,35),
(821,27,49,32),
(822,89,38,20),
(823,34,15,11),
(824,62,42,50),
(825,53,6,18),
(826,92,48,38),
(827,38,14,37),
(828,97,12,13),
(829,26,93,16),
(830,44,53,11),
(831,15,46,35),
(832,38,7,18),
(833,71,5,49),
(834,65,29,31),
(835,64,100,21),
(836,54,18,29),
(837,67,57,30),
(838,83,62,34),
(839,68,46,41),
(840,42,31,2),
(841,32,98,3),
(842,35,13,48),
(843,12,8,34),
(844,32,53,27),
(845,34,94,38),
(846,31,92,29),
(847,1,7,4),
(848,63,52,21),
(849,72,66,27),
(850,21,12,32),
(851,30,87,38),
(852,4,100,23),
(853,11,7,42),
(854,70,60,14),
(855,38,75,22),
(856,54,14,38),
(857,100,16,36),
(858,50,23,42),
(859,82,39,43),
(860,29,31,11),
(861,40,100,15),
(862,77,93,16),
(863,8,1,5),
(864,37,64,11),
(865,59,67,46),
(866,57,20,33),
(867,59,63,44),
(868,16,29,4),
(869,31,55,2),
(870,55,51,39),
(871,57,90,13),
(872,7,8,39),
(873,96,100,41),
(874,10,16,41),
(875,48,78,45),
(876,10,97,48),
(877,1,22,43),
(878,53,58,49),
(879,17,75,7),
(880,27,7,45),
(881,92,18,6),
(882,88,93,23),
(883,100,40,30),
(884,21,100,5),
(885,5,7,15),
(886,24,55,12),
(887,38,100,1),
(888,38,30,28),
(889,75,44,5),
(890,64,4,3),
(891,76,39,32),
(892,54,88,33),
(893,69,18,5),
(894,39,12,29),
(895,21,62,39),
(896,53,39,2),
(897,20,30,42),
(898,44,27,41),
(899,99,54,25),
(900,95,97,36),
(901,77,59,39),
(902,53,77,43),
(903,7,83,7),
(904,57,34,42),
(905,81,2,1),
(906,100,29,1),
(907,89,61,20),
(908,79,25,17),
(909,80,16,13),
(910,30,1,36),
(911,7,100,32),
(912,33,44,28),
(913,96,70,28),
(914,22,7,43),
(915,49,82,35),
(916,100,45,32),
(917,41,5,31),
(918,36,11,2),
(919,12,100,48),
(920,34,72,23),
(921,37,96,3),
(922,53,11,41),
(923,85,2,40),
(924,63,98,42),
(925,12,61,30),
(926,51,25,5),
(927,9,97,40),
(928,8,63,36),
(929,64,28,39),
(930,26,37,50),
(931,71,16,47),
(932,31,32,45),
(933,87,31,49),
(934,91,71,8),
(935,88,32,33),
(936,73,11,23),
(937,59,58,16),
(938,87,4,44),
(939,2,61,50),
(940,39,77,20),
(941,31,76,8),
(942,48,4,2),
(943,80,87,43),
(944,92,37,9),
(945,80,100,50),
(946,100,57,2),
(947,48,39,12),
(948,24,66,11),
(949,61,89,28),
(950,66,89,30),
(951,23,32,15),
(952,24,92,12),
(953,55,64,26),
(954,100,54,34),
(955,23,78,28),
(956,80,18,47),
(957,68,76,37),
(958,52,65,28),
(959,91,67,45),
(960,33,76,2),
(961,8,4,4),
(962,47,20,38),
(963,27,23,24),
(964,91,88,7),
(965,22,99,26),
(966,50,7,19),
(967,61,75,50),
(968,90,74,16),
(969,13,94,4),
(970,78,87,18),
(971,7,9,23),
(972,40,24,16),
(973,84,62,6),
(974,46,48,34),
(975,54,98,33),
(976,54,96,15),
(977,28,77,43),
(978,4,14,20),
(979,61,82,39),
(980,91,41,15),
(981,16,5,32),
(982,12,2,15),
(983,76,1,45),
(984,15,71,45),
(985,76,13,8),
(986,69,85,44),
(987,85,98,45),
(988,50,24,36),
(989,87,20,34),
(990,25,98,3),
(991,6,28,38),
(992,84,6,28),
(993,100,59,46),
(994,13,44,43),
(995,58,98,50),
(996,21,71,11),
(997,37,69,48),
(998,42,23,26),
(999,73,48,26),
(1000,74,68,18);
